ME_Rule_1,ME_Rule_2,ME_Rule_3,ME_Rule_4,ME_Rule_5,ME_Rule_6,ME_Rule_7,ME_Rule_8,ME_Rule_9,ME_Rule_10,ME_Rule_11,ME_Rule_12,ME_remove_words
Math.tan,e,Math.PI,{,i,{,+,+,+,+,+,x,RNG
Math.sin,E,Nan,},,},=,=,=,=,=,*,SHA
Math.cos,,inf,(,,(,/,/,/,/,/,,UTF
Math.log,,POSITIVE_INFINITY,),,),*,*,*,*,*,,builds
Math.tanh,,NEGATIVE_INFINITY,[,,[,^,^,^,^,^,,src
Math.sinh,,,],,],%,%,%,%,%,,commons
Math.cosh,,,,,,<,<,<,<,<,,URL
Math.exp,,,,,,>,>,>,>,>,,version
Math.sqrt,,,,,,!,!,!,!,!,,python
Math.pow,,,,,,,,,,,,numpy
Math.asin,,,,,,,,,,,,Commons
Math.acos,,,,,,,,,,,,MATH
Math.atan,,,,,,,,,,,,math
Math.log10,,,,,,,,,,,,Math
Math.abs,,,,,,,,,,,,Environment
exp,,,,,,,,,,,,UDMA
FastMath.sqrt,,,,,,,,,,,,gcc
O,,,,,,,,,,,,linux
FastMath.pow,,,,,,,,,,,,GA
gcd,,,,,,,,,,,,bit
,,,,,,,,,,,,desktop
,,,,,,,,,,,,MB
,,,,,,,,,,,,IBM
,,,,,,,,,,,,glibc
,,,,,,,,,,,,sh
,,,,,,,,,,,,i7
,,,,,,,,,,,,intel
,,,,,,,,,,,,error
,,,,,,,,,,,,echo
,,,,,,,,,,,,utaddress
,,,,,,,,,,,,kernel
,,,,,,,,,,,,sprintf
,,,,,,,,,,,,\n
,,,,,,,,,,,,dev
,,,,,,,,,,,,byte
,,,,,,,,,,,,usb
,,,,,,,,,,,,code
,,,,,,,,,,,,thread
,,,,,,,,,,,,GMT
,,,,,,,,,,,,fixes
,,,,,,,,,,,,staging
,,,,,,,,,,,,clock
,,,,,,,,,,,,write
,,,,,,,,,,,,Update
,,,,,,,,,,,,update
,,,,,,,,,,,,ID
,,,,,,,,,,,,GiB
,,,,,,,,,,,,MiB
,,,,,,,,,,,,efi
,,,,,,,,,,,,commit
,,,,,,,,,,,,sys
,,,,,,,,,,,,PIII
,,,,,,,,,,,,dev
,,,,,,,,,,,,swapper
,,,,,,,,,,,,Feb
,,,,,,,,,,,,Mar
,,,,,,,,,,,,Jan
,,,,,,,,,,,,Jun
,,,,,,,,,,,,Jul
,,,,,,,,,,,,dsobject
,,,,,,,,,,,,rcx
,,,,,,,,,,,,folder
,,,,,,,,,,,,device
,,,,,,,,,,,,Device
,,,,,,,,,,,,patch
,,,,,,,,,,,,KHz
,,,,,,,,,,,,debug
,,,,,,,,,,,,char
,,,,,,,,,,,,cpu
,,,,,,,,,,,,SBP
,,,,,,,,,,,,ATAPI
,,,,,,,,,,,,use_native_backlight
,,,,,,,,,,,,fail 
,,,,,,,,,,,,offset 
,,,,,,,,,,,,Command
,,,,,,,,,,,,command
,,,,,,,,,,,,Created
,,,,,,,,,,,,LINUX
,,,,,,,,,,,,GCC
,,,,,,,,,,,,org
,,,,,,,,,,,,GNUC
,,,,,,,,,,,,BITS
,,,,,,,,,,,,BIT
,,,,,,,,,,,,BYTE
,,,,,,,,,,,,libstdc
,,,,,,,,,,,,C++
,,,,,,,,,,,,GNUG
,,,,,,,,,,,,MALLOC
,,,,,,,,,,,,VERSION
,,,,,,,,,,,,end
,,,,,,,,,,,,java
,,,,,,,,,,,,JAVA
,,,,,,,,,,,,THREAD
,,,,,,,,,,,,Thread
,,,,,,,,,,,,thread
,,,,,,,,,,,,gsignal
,,,,,,,,,,,,Decimal
,,,,,,,,,,,,abort
,,,,,,,,,,,,libSystem
,,,,,,,,,,,,lib
,,,,,,,,,,,,assert
,,,,,,,,,,,,sigtramp
,,,,,,,,,,,,c++11
,,,,,,,,,,,,sudo
,,,,,,,,,,,,grep
,,,,,,,,,,,,Please
,,,,,,,,,,,,Ubuntu
,,,,,,,,,,,,MSWindows
,,,,,,,,,,,,And
,,,,,,,,,,,,and
,,,,,,,,,,,,AND
,,,,,,,,,,,,GeForce
,,,,,,,,,,,,Server
,,,,,,,,,,,,server
,,,,,,,,,,,,LibreOffice
,,,,,,,,,,,,The
,,,,,,,,,,,,OpenOffice
